[
  {
    "name": "Fried Eggs",
    "price": "$9.99",
    "description": "Made with eggs, lettuce, salt, oil and other ingredients.",
    "image": "/images/egg.png"
  },
  {
    "name": "Hawaiian Pizza",
    "price": "$15.99",
    "description": "Made with eggs, lettuce, salt, oil and other ingredients.",
    "image": "/images/pizza.png"
  },
  {
    "name": "Martinez Cocktail",
    "price": "$7.25",
    "description": "Made with eggs, lettuce, salt, oil and other ingredients.",
    "image": "/images/mocktail.png"
  },
  {
    "name": "Butterscotch Cake",
    "price": "$20.99",
    "description": "Made with eggs, lettuce, salt, oil and other ingredients.",
    "image": "/images/butter cake.png"
  },
  {
    "name": "Mint Lemonade",
    "price": "$5.89",
    "description": "Made with eggs, lettuce, salt, oil and other ingredients.",
    "image": "/images/mint.png"
  },
  {
    "name": "Chocolate Icecream",
    "price": "$18.05",
    "description": "Made with eggs, lettuce, salt, oil and other ingredients.",
    "image": "/images/chocklate icecreame.png"
  },
  {
    "name": "Cheese Burger",
    "price": "$12.55",
    "description": "Made with eggs, lettuce, salt, oil and other ingredients.",
    "image": "/images/burger.png"
  },
  {
    "name": "Classic Waffles",
    "price": "$12.99",
    "description": "Made with eggs, lettuce, salt, oil and other ingredients.",
    "image": "/images/waffle.png"
  }
]
